model,config,block,importance,lo,hi,p
XGBoost,0,Volume,0.08336501485630154,0.0547515223735387,0.13332757203381024,0.0
XGBoost,0,Area,0.0129543261290056,0.005433383143199614,0.021731084982567466,0.0
XGBoost,0,MaxHeight,-0.0014505695628709292,-0.02098933337735705,0.012803534386283951,0.955
XGBoost,0,CenterDiviation,0.004055753903667858,0.0025494455364152265,0.006999282322549302,0.0
XGBoost,0,UsedCoilArea,0.0019401495604494112,-0.0014150772138921213,0.005552029576510298,0.225
XGBoost,0,SensorTemp,0.002395157651620128,0.0014905970107242067,0.004250273481934621,0.0
XGBoost,0,SensorValueRAW,0.7277692360802702,0.55399751950556,1.0331749679669395,0.0
XGBoost,0,GEOMETRY_BLOCK,0.07857531917588267,0.04504358763324951,0.13268620034161105,0.0
XGBoost,1,Volume,0.07201510383399334,0.04651970172125569,0.11196215510782669,0.0
XGBoost,1,Area,0.012444360553506062,0.005591268616889878,0.0207092931378413,0.0
XGBoost,1,MaxHeight,-0.0016114707233343406,-0.019082051004069588,0.011574045169457826,0.9
XGBoost,1,CenterDiviation,0.003637954987581238,0.0022446481198518746,0.006470574964341004,0.0
XGBoost,1,UsedCoilArea,0.001539888694003566,-0.0014129479881736184,0.004728120318003592,0.29
XGBoost,1,SensorTemp,0.0020353646056926467,0.0012668666102588655,0.0037002415480400837,0.0
XGBoost,1,SensorValueRAW,0.7370381179721669,0.5563211687103066,1.0398162875067076,0.0
XGBoost,1,GEOMETRY_BLOCK,0.07441231757926059,0.04199602506099108,0.1278598000499418,0.0
XGBoost,2,Volume,0.08447571931768216,0.054143139036860424,0.13843268064337635,0.0
XGBoost,2,Area,0.015999902926458143,0.008019603541184387,0.02594220463723813,0.0
XGBoost,2,MaxHeight,-0.0036467621004218076,-0.026337725639225,0.012284744362984197,0.82
XGBoost,2,CenterDiviation,0.004242722472246552,0.0028235589372020697,0.007187408714789683,0.0
XGBoost,2,UsedCoilArea,0.002602929981883939,-0.0003639478720435296,0.005842401790679618,0.08
XGBoost,2,SensorTemp,0.002447582096965384,0.0014730626777973656,0.004321655747865742,0.0
XGBoost,2,SensorValueRAW,0.7303641756518673,0.5559752649184482,1.0342532225355354,0.0
XGBoost,2,GEOMETRY_BLOCK,0.07906484342092346,0.042762233733250214,0.1352010978316874,0.0
XGBoost,3,Volume,0.07776555366388083,0.05212791313273232,0.1201295391935226,0.0
XGBoost,3,Area,0.014965463243616806,0.0069525393102355835,0.02455890154231531,0.0
XGBoost,3,MaxHeight,-0.0032320596614956454,-0.02527029818489726,0.011849995234720639,0.84
XGBoost,3,CenterDiviation,0.003755852332385734,0.0024486999423985966,0.006521826200358959,0.0
XGBoost,3,UsedCoilArea,0.0017246297318950221,-0.0008683135992878815,0.004543247295026288,0.2
XGBoost,3,SensorTemp,0.002453656879990662,0.0015183735183325305,0.004434996444281695,0.0
XGBoost,3,SensorValueRAW,0.7304234124609331,0.5537270095878829,1.0340504114362081,0.0
XGBoost,3,GEOMETRY_BLOCK,0.08198217040524769,0.04559331986084171,0.14103588187645447,0.0
XGBoost,4,Volume,0.07102863469239717,0.0458422424476414,0.11091184737761953,0.0
XGBoost,4,Area,0.013344024013987044,0.006176110853399231,0.0214207570554984,0.0
XGBoost,4,MaxHeight,-0.002731729551283646,-0.021091879373074482,0.01048710757506876,0.83
XGBoost,4,CenterDiviation,0.0040261507270805685,0.002643327340010532,0.006878999585607553,0.0
XGBoost,4,UsedCoilArea,0.0019512622700859072,-0.0007309189585332803,0.0049307849510017605,0.155
XGBoost,4,SensorTemp,0.0020674997343749224,0.0012478808830967026,0.0037794417415652703,0.0
XGBoost,4,SensorValueRAW,0.7354218378809453,0.5581260998710788,1.0424432602402116,0.0
XGBoost,4,GEOMETRY_BLOCK,0.0726719910588226,0.0400641793682742,0.12224378819489827,0.0
XGBoost,5,Volume,0.08599052392436468,0.057299440572256284,0.13829150105295004,0.0
XGBoost,5,Area,0.01827154605184711,0.00879075414645202,0.02969248434669893,0.0
XGBoost,5,MaxHeight,-0.0018829947337007935,-0.02613305086319076,0.01464877394373363,0.95
XGBoost,5,CenterDiviation,0.004230074413422602,0.0026576760506765744,0.0072497005674103015,0.0
XGBoost,5,UsedCoilArea,0.002971405617732903,0.00025334513526629196,0.006750605782554775,0.025
XGBoost,5,SensorTemp,0.002557141557253728,0.0016156930808177094,0.004352749485409543,0.0
XGBoost,5,SensorValueRAW,0.7243359236562706,0.5497562188057753,1.0335906508604236,0.0
XGBoost,5,GEOMETRY_BLOCK,0.08537847094983042,0.04886539199761352,0.14649987179293444,0.0
XGBoost,6,Volume,0.07753929820527627,0.05188220879729045,0.12085666256130288,0.0
XGBoost,6,Area,0.012795514128052465,0.005265538477248294,0.02158038407298867,0.0
XGBoost,6,MaxHeight,-0.0017378962116679775,-0.01953854383549007,0.01113203043281007,0.91
XGBoost,6,CenterDiviation,0.004288282255388465,0.002718700956666281,0.007420434655189033,0.0
XGBoost,6,UsedCoilArea,0.0024972371656600822,-0.0007363738314902391,0.006245566692532379,0.14
XGBoost,6,SensorTemp,0.002234850824468504,0.0013607327131440917,0.004116832276146931,0.0
XGBoost,6,SensorValueRAW,0.7298800132335244,0.5534699444602352,1.0281250247132847,0.0
XGBoost,6,GEOMETRY_BLOCK,0.07550269865438941,0.04319243971214626,0.12549158380835285,0.0
XGBoost,7,Volume,0.07207116642708511,0.047819184595646616,0.11010161255938511,0.0
XGBoost,7,Area,0.015743610608249137,0.007992951369376552,0.02529745611989144,0.0
XGBoost,7,MaxHeight,-0.003976862995341279,-0.02591703708270153,0.011333619064007643,0.775
XGBoost,7,CenterDiviation,0.0038803392153218264,0.002470270184526649,0.006736902870786088,0.0
XGBoost,7,UsedCoilArea,0.0025112417477696214,-0.00031422495825573197,0.005698186695684368,0.085
XGBoost,7,SensorTemp,0.0021807578093973046,0.0013417206005975819,0.0038404382895728026,0.0
XGBoost,7,SensorValueRAW,0.7402240766925104,0.5614399239399108,1.0447981134311546,0.0
XGBoost,7,GEOMETRY_BLOCK,0.076184360234825,0.04140800679691443,0.1297772500872519,0.0
XGBoost,8,Volume,0.11658449363143797,0.07237517880716411,0.20375312542321164,0.0
XGBoost,8,Area,0.020627377339965003,0.009276665886584316,0.03589100265455973,0.0
XGBoost,8,MaxHeight,-0.00013751292781616353,-0.021730891668964997,0.01622361961154456,0.87
XGBoost,8,CenterDiviation,0.00440214224307478,0.0027805075880828894,0.007545465135112306,0.0
XGBoost,8,UsedCoilArea,0.003066445633885251,0.00016272801870315104,0.007142998121189982,0.035
XGBoost,8,SensorTemp,0.0028417576904578024,0.0016508238866431268,0.005080849006746346,0.0
XGBoost,8,SensorValueRAW,0.6977774809343653,0.5255560407504968,0.9741200999437758,0.0
XGBoost,8,GEOMETRY_BLOCK,0.09016211484816361,0.05300839785645054,0.15134686088531643,0.0
XGBoost,9,Volume,0.08091013232906241,0.05192706131901768,0.13445768551043646,0.0
XGBoost,9,Area,0.016897479562879014,0.008404529069381491,0.027426564904693907,0.0
XGBoost,9,MaxHeight,-0.004311873186400916,-0.02708264280826649,0.011789508477642928,0.765
XGBoost,9,CenterDiviation,0.0043093388093858875,0.0028635663524279155,0.007309993925341991,0.0
XGBoost,9,UsedCoilArea,0.002187948934115669,-0.0007667476362082787,0.00542045236227021,0.12
XGBoost,9,SensorTemp,0.002398809937159796,0.0014521817965337303,0.0043175111003448275,0.0
XGBoost,9,SensorValueRAW,0.7292675939605535,0.5532754063726579,1.0323536049562647,0.0
XGBoost,9,GEOMETRY_BLOCK,0.07707595776387755,0.04107151844139665,0.13146082306373397,0.0
XGBoost,10,Volume,0.0763609819742811,0.05082256025175249,0.11957144259550936,0.0
XGBoost,10,Area,0.014785957525318527,0.0067718320176113934,0.02389929414883653,0.0
XGBoost,10,MaxHeight,-0.0025786283211652883,-0.022956700418197657,0.012054881615265267,0.85
XGBoost,10,CenterDiviation,0.0038186192934278607,0.0025211278653868353,0.006482261016378143,0.0
XGBoost,10,UsedCoilArea,0.002070327047489773,-0.0008959116791396049,0.005127087567639575,0.14
XGBoost,10,SensorTemp,0.002241359489014938,0.0013172776514642271,0.004059089766633683,0.0
XGBoost,10,SensorValueRAW,0.7240673725607482,0.5489427077882538,1.024380748949376,0.0
XGBoost,10,GEOMETRY_BLOCK,0.07937002137345861,0.045160092939583285,0.13375565326823785,0.0
XGBoost,11,Volume,0.08728031597963781,0.05823033482629041,0.1404940421453919,0.0
XGBoost,11,Area,0.015958204100697815,0.007298808919300035,0.026433359369941956,0.0
XGBoost,11,MaxHeight,-0.002809893691763987,-0.02803939468037657,0.013788725087775552,0.89
XGBoost,11,CenterDiviation,0.00417438148606164,0.0027760417279498574,0.007035081130479032,0.0
XGBoost,11,UsedCoilArea,0.002020030365938341,-0.0016985704792425531,0.005940845077543801,0.24
XGBoost,11,SensorTemp,0.002514879591373087,0.0014951498797084017,0.004642575264135415,0.0
XGBoost,11,SensorValueRAW,0.7218368766943033,0.548056451630167,1.0300859426479134,0.0
XGBoost,11,GEOMETRY_BLOCK,0.08168487610769248,0.043434185782399215,0.13999243391109512,0.0
XGBoost,12,Volume,0.0760848344700189,0.04863764588229948,0.11903736136671046,0.0
XGBoost,12,Area,0.0148718639457468,0.007764316276134278,0.024053083320558048,0.0
XGBoost,12,MaxHeight,-0.004413996402486076,-0.027006680679368497,0.010764132397704887,0.73
XGBoost,12,CenterDiviation,0.003933079489873759,0.002565641019104811,0.006760877017914792,0.0
XGBoost,12,UsedCoilArea,0.0017803924378037017,-0.0008176411014651524,0.004592455572714834,0.18
XGBoost,12,SensorTemp,0.0021708060161342857,0.0013596384807016415,0.0038909261265161863,0.0
XGBoost,12,SensorValueRAW,0.7353575627054693,0.55871305025037,1.040584288680358,0.0
XGBoost,12,GEOMETRY_BLOCK,0.07748429849437799,0.039981957016333086,0.13433614739922375,0.0
XGBoost,13,Volume,0.0703085903563091,0.046603651760213784,0.10796171156092683,0.0
XGBoost,13,Area,0.015307652277755102,0.007824013658671459,0.025212474680828212,0.0
XGBoost,13,MaxHeight,-0.0022298341937704302,-0.02250076364007976,0.011207851651198955,0.9
XGBoost,13,CenterDiviation,0.003715262345487025,0.0022834363876387737,0.006631216157724936,0.0
XGBoost,13,UsedCoilArea,0.002140179382296492,-0.0004526240343031449,0.005021925312855054,0.1
XGBoost,13,SensorTemp,0.002283810907493633,0.001430187628577015,0.004129920635641863,0.0
XGBoost,13,SensorValueRAW,0.7304331463985192,0.5523023738523971,1.0257013690797459,0.0
XGBoost,13,GEOMETRY_BLOCK,0.08557845065308689,0.049934398118459844,0.14651682675667507,0.0
XGBoost,14,Volume,0.07168095216232617,0.046490163041815594,0.11147146179919627,0.0
XGBoost,14,Area,0.013508526153652611,0.0064291512939433,0.02206016886484614,0.0
XGBoost,14,MaxHeight,-0.003915174245406772,-0.025059238430007416,0.010841208053845796,0.79
XGBoost,14,CenterDiviation,0.0039460154175702256,0.0024678148149140074,0.006935957395599423,0.0
XGBoost,14,UsedCoilArea,0.0020839749508920757,-0.0006237134644218211,0.005164234339499293,0.14
XGBoost,14,SensorTemp,0.0021491316522284087,0.0013308792068293356,0.0037653654136558293,0.0
XGBoost,14,SensorValueRAW,0.7383766764479268,0.5573736165618629,1.0441122277657946,0.0
XGBoost,14,GEOMETRY_BLOCK,0.07523391984226202,0.039352688176477524,0.12928710279988523,0.0
RandomForest,0,Volume,0.09812429968440661,0.06854710939147353,0.1510758110386124,0.0
RandomForest,0,Area,0.016736132291071626,0.0045144301744538705,0.029948486355408734,0.01
RandomForest,0,MaxHeight,0.006392167329752119,-0.0011954687523844842,0.015162079267656843,0.095
RandomForest,0,CenterDiviation,0.000445912761624756,0.00024180870370723863,0.0007764685510248226,0.0
RandomForest,0,UsedCoilArea,0.0014842239158648907,4.874639627340251e-05,0.0032908286132790347,0.035
RandomForest,0,SensorTemp,0.00017032488176316196,5.189851568561943e-05,0.00037882682104030114,0.005
RandomForest,0,SensorValueRAW,0.6356930785619656,0.46077179272077706,0.910482865118421,0.0
RandomForest,0,GEOMETRY_BLOCK,0.15706680464150058,0.11079312926505618,0.23002993062710614,0.0
RandomForest,1,Volume,0.09425700387791447,0.06623910474724132,0.1461928025542981,0.0
RandomForest,1,Area,0.017347510052455384,0.00531842996937278,0.031028517525360583,0.01
RandomForest,1,MaxHeight,0.006628173903653889,-0.0009546663712225924,0.015141566503459642,0.08
RandomForest,1,CenterDiviation,0.0004502363920598773,0.0002660842500526756,0.0007630597472108535,0.0
RandomForest,1,UsedCoilArea,0.0014949654377625077,0.00011012825037034491,0.003255037102177203,0.03
RandomForest,1,SensorTemp,0.000189069387237506,6.741289535441009e-05,0.0004048866617886171,0.005
RandomForest,1,SensorValueRAW,0.6343303728896351,0.4611984162643372,0.9095542914855821,0.0
RandomForest,1,GEOMETRY_BLOCK,0.15740862634505692,0.11156546241717571,0.230038403425166,0.0
RandomForest,2,Volume,0.09189008894228723,0.06469369297179878,0.14229492477450975,0.0
RandomForest,2,Area,0.018330598937631337,0.0061653645852779645,0.032152128113389876,0.005
RandomForest,2,MaxHeight,0.006564718423607285,-0.0011966494268569132,0.015342716305094721,0.095
RandomForest,2,CenterDiviation,0.00048329421392523386,0.00028116592379557324,0.000829547851387935,0.0
RandomForest,2,UsedCoilArea,0.0014258689320056916,3.5266822608495716e-05,0.003290017447932457,0.035
RandomForest,2,SensorTemp,0.00020889245093635989,8.39405354894629e-05,0.0004277319538269291,0.0
RandomForest,2,SensorValueRAW,0.6329692632069107,0.46007506239654944,0.9095553583547004,0.0
RandomForest,2,GEOMETRY_BLOCK,0.15749122671126126,0.1116619296102579,0.22901425185671903,0.0
RandomForest,3,Volume,0.09360561866974537,0.06550010085892008,0.14504319878823557,0.0
RandomForest,3,Area,0.018339713947034597,0.005969678565373664,0.03229210337515575,0.005
RandomForest,3,MaxHeight,0.00650120236187568,-0.0012328100036466808,0.015330334207860384,0.095
RandomForest,3,CenterDiviation,0.0004881930544330393,0.0002851306706017215,0.000833339099637409,0.0
RandomForest,3,UsedCoilArea,0.0014207921168409854,6.29953243292542e-05,0.0032444104026050566,0.035
RandomForest,3,SensorTemp,0.0002070280313611894,8.033192500879749e-05,0.00042693518460907296,0.0
RandomForest,3,SensorValueRAW,0.6328038214308113,0.45961461865056547,0.9092833874850849,0.0
RandomForest,3,GEOMETRY_BLOCK,0.1586135148517509,0.1123179750695307,0.23110046761719968,0.0
RandomForest,4,Volume,0.09733588260843729,0.06782734960627408,0.15137445418416437,0.0
RandomForest,4,Area,0.01633502330743175,0.004026077749687191,0.029151701009786184,0.01
RandomForest,4,MaxHeight,0.0064637250308102745,-0.0012932418503177833,0.014981039993792425,0.085
RandomForest,4,CenterDiviation,0.0004504656589771061,0.00023987413554655835,0.0007864167931065008,0.0
RandomForest,4,UsedCoilArea,0.0014800054355472714,2.865372714180868e-05,0.0033221027709021507,0.05
RandomForest,4,SensorTemp,0.00016498352802907235,4.887393370264226e-05,0.00036386796025108246,0.005
RandomForest,4,SensorValueRAW,0.633459551187017,0.46068670653452864,0.9091934627962328,0.0
RandomForest,4,GEOMETRY_BLOCK,0.1557017415317915,0.10996168179960766,0.22823842578784187,0.0
RandomForest,5,Volume,0.09260904024520711,0.06502132305113342,0.143541964903387,0.0
RandomForest,5,Area,0.01822980572841948,0.006025339950352328,0.03206685869005779,0.005
RandomForest,5,MaxHeight,0.0065706920832020455,-0.0012037377699887608,0.015393379707382415,0.09
RandomForest,5,CenterDiviation,0.0004840559316976467,0.000281727318298744,0.0008335775941385349,0.0
RandomForest,5,UsedCoilArea,0.0014249152043747104,3.499694569407412e-05,0.003292099813623826,0.045
RandomForest,5,SensorTemp,0.00020932787856475787,8.297957357921714e-05,0.00042902372191290223,0.0
RandomForest,5,SensorValueRAW,0.6328631391411857,0.45982510340077903,0.909333119529254,0.0
RandomForest,5,GEOMETRY_BLOCK,0.15815734351605304,0.11212976481217067,0.2299150905963051,0.0
RandomForest,6,Volume,0.0924890913565315,0.0649155059236752,0.14339831382800297,0.0
RandomForest,6,Area,0.018238717083543854,0.006048356103531065,0.03204257525171287,0.005
RandomForest,6,MaxHeight,0.0065608336391161926,-0.0011757942262538039,0.01534100964826413,0.085
RandomForest,6,CenterDiviation,0.0004817436705996103,0.000279657191770763,0.000829271329670514,0.0
RandomForest,6,UsedCoilArea,0.0014299716665101547,5.628091448575678e-05,0.003279582375659211,0.035
RandomForest,6,SensorTemp,0.00020180107146394732,7.799761796825344e-05,0.00041799156627651823,0.0
RandomForest,6,SensorValueRAW,0.6328152717986146,0.45974890645150174,0.9095067222032381,0.0
RandomForest,6,GEOMETRY_BLOCK,0.15778961157600202,0.11201105968226034,0.22958711509626328,0.0
RandomForest,7,Volume,0.09308553902121364,0.0656265937937322,0.14471821588116243,0.0
RandomForest,7,Area,0.016359681043350616,0.004691234570545715,0.029100352373345132,0.01
RandomForest,7,MaxHeight,0.006651610207882075,-0.0010159161084662388,0.015226547843777185,0.08
RandomForest,7,CenterDiviation,0.00048293487935058277,0.000280133702464902,0.0008342897105162366,0.0
RandomForest,7,UsedCoilArea,0.0015287302251074664,0.0001682550833315727,0.003340408837585857,0.02
RandomForest,7,SensorTemp,0.00018047359083861458,6.477299601236885e-05,0.0003832957748171355,0.0
RandomForest,7,SensorValueRAW,0.6351800561340595,0.46173070974115493,0.910852376042139,0.0
RandomForest,7,GEOMETRY_BLOCK,0.15372444119829887,0.10861512891532829,0.22552822995070268,0.0
RandomForest,8,Volume,0.09765548479284003,0.068294503146023,0.1514948968245789,0.0
RandomForest,8,Area,0.016873070021092507,0.005501941689398542,0.028927766007561785,0.005
RandomForest,8,MaxHeight,0.006241571936969836,-0.001600329935769576,0.015832191012253867,0.12
RandomForest,8,CenterDiviation,0.000491318533538565,0.00027003575608787743,0.0008417338142505726,0.0
RandomForest,8,UsedCoilArea,0.0016629519482687094,0.00012753114474339528,0.0037307329768070875,0.02
RandomForest,8,SensorTemp,0.00019349305999927235,7.536716447928415e-05,0.00042693159548121417,0.0
RandomForest,8,SensorValueRAW,0.630034851768935,0.45594661894272653,0.9032987832613949,0.0
RandomForest,8,GEOMETRY_BLOCK,0.15618588484607743,0.11038994135976285,0.22901765669893842,0.0
RandomForest,9,Volume,0.09141772045587548,0.0644162464629933,0.14154798459588702,0.0
RandomForest,9,Area,0.017542715527233077,0.005705780071135365,0.030821582124593024,0.005
RandomForest,9,MaxHeight,0.0064668429670734495,-0.001259888353546193,0.015129046022959865,0.09
RandomForest,9,CenterDiviation,0.0004784841012763774,0.0002766415679528761,0.0008263084461937103,0.0
RandomForest,9,UsedCoilArea,0.0014699197545872122,0.00013447501082640979,0.003265572523052186,0.03
RandomForest,9,SensorTemp,0.00018448164233630937,7.06553996759035e-05,0.0003789669257930172,0.0
RandomForest,9,SensorValueRAW,0.6350127633714463,0.4620025511463412,0.9109591418933741,0.0
RandomForest,9,GEOMETRY_BLOCK,0.15479935938800304,0.10982014737816632,0.22651606792970677,0.0
RandomForest,10,Volume,0.09258325277889501,0.06519472355764463,0.1435024107271902,0.0
RandomForest,10,Area,0.01733070393083591,0.005545065666711237,0.030509811481925116,0.005
RandomForest,10,MaxHeight,0.0064967841904930435,-0.0012811880712490537,0.015172264151512103,0.09
RandomForest,10,CenterDiviation,0.0004791951682343587,0.0002761642628244743,0.0008281845774273322,0.0
RandomForest,10,UsedCoilArea,0.0014384652402289477,0.00010161365458050967,0.003262420590392552,0.035
RandomForest,10,SensorTemp,0.00019468515834508704,7.616679129522908e-05,0.0004009823739961587,0.0
RandomForest,10,SensorValueRAW,0.6342762482132219,0.4611543807576628,0.910495103713058,0.0
RandomForest,10,GEOMETRY_BLOCK,0.15536988534158802,0.11014306321428359,0.22709477539744277,0.0
RandomForest,11,Volume,0.08978284979131723,0.06361798638794679,0.13914681795418576,0.0
RandomForest,11,Area,0.018700511630409644,0.006423795694112143,0.03266911589504767,0.005
RandomForest,11,MaxHeight,0.0068397917057577695,-0.0008587300430571986,0.015608031528634742,0.085
RandomForest,11,CenterDiviation,0.00048814300654720366,0.0002939142270775769,0.0008252634251225299,0.0
RandomForest,11,UsedCoilArea,0.0014287475372950498,7.029349236751807e-05,0.003245272896834665,0.03
RandomForest,11,SensorTemp,0.00020288001852108994,8.001582533942454e-05,0.0004214165504341616,0.0
RandomForest,11,SensorValueRAW,0.6344938526324946,0.4625696107667492,0.9102404867661674,0.0
RandomForest,11,GEOMETRY_BLOCK,0.15556930260383728,0.11016421898724237,0.2264867878066681,0.0
RandomForest,12,Volume,0.09730674329010847,0.06723304142884044,0.15438910241979845,0.0
RandomForest,12,Area,0.01641441743821037,0.003547432483496971,0.029268650287826006,0.015
RandomForest,12,MaxHeight,0.005984421542845952,-0.0018606623030651135,0.015110158496367803,0.13
RandomForest,12,CenterDiviation,0.0004669164913467805,0.00027644789750578825,0.0007756215891436347,0.0
RandomForest,12,UsedCoilArea,0.0017098293276394116,0.0002921059298113565,0.0036191506732396266,0.01
RandomForest,12,SensorTemp,0.000190925179702095,7.793540060035964e-05,0.00041973636604232246,0.0
RandomForest,12,SensorValueRAW,0.6318995387274733,0.4617053468153497,0.9067640785899029,0.0
RandomForest,12,GEOMETRY_BLOCK,0.15377562057873562,0.10831420648337076,0.2243902765256076,0.0
RandomForest,13,Volume,0.09842039413065795,0.0685595109078022,0.15306113910367247,0.0
RandomForest,13,Area,0.016373769842731867,0.0038410789820224065,0.029012865488185456,0.015
RandomForest,13,MaxHeight,0.006939138918597765,-0.0007862866184537243,0.01636091062103461,0.085
RandomForest,13,CenterDiviation,0.0005034421263770961,0.00027620725823993556,0.0008260547188141396,0.0
RandomForest,13,UsedCoilArea,0.0016740761758803346,0.00021829270853239714,0.0035414645246567796,0.035
RandomForest,13,SensorTemp,0.00017436013761418234,6.88916492606273e-05,0.00037464459442638473,0.0
RandomForest,13,SensorValueRAW,0.630826137699091,0.4568004382567763,0.9035122362537829,0.0
RandomForest,13,GEOMETRY_BLOCK,0.15595580122842456,0.11004545276803739,0.22792306183750588,0.0
RandomForest,14,Volume,0.09331912353725547,0.06535180918510142,0.14458974023879795,0.0
RandomForest,14,Area,0.018175209310556495,0.004930142059800072,0.031771598201823785,0.005
RandomForest,14,MaxHeight,0.005906246536072524,-0.001935987002322656,0.015134827944061228,0.145
RandomForest,14,CenterDiviation,0.0005082006913622594,0.0002916722291337326,0.0008633276871499865,0.0
RandomForest,14,UsedCoilArea,0.0016783516312715019,0.0002437730833194568,0.003703886262146502,0.025
RandomForest,14,SensorTemp,0.00022925982180432847,0.00010881406923609616,0.00045135121259778357,0.0
RandomForest,14,SensorValueRAW,0.6300299351008153,0.4560905766362332,0.9054509812835556,0.0
RandomForest,14,GEOMETRY_BLOCK,0.15838231414928594,0.11203783951136381,0.23043047728663563,0.0
